时间/h,0 cm,0.5 cm,1 cm,药材表面
6.0,1.7172230367743277,1.5356846291858375,1.0217119047231211,0.42170388963994315
12.0,0.7343472713507366,0.6518282800067042,0.406929715697569,0.16667751558026508
18.0,0.40663788562501985,0.3668373786519095,0.2387873261874738,0.08886451725835823
24.0,0.2837422175781896,0.2598602477134673,0.17832425762264473,0.06709674494959735
30.0,0.22533782266067984,0.20851360361988105,0.14875869666735553,0.05929501736642351
36.0,0.19205283448989818,0.17897475270726884,0.1312484432955672,0.055790102763226095
42.0,0.17061205429776338,0.15981224652806636,0.11962870204346336,0.05394340932726671
48.0,0.15561696087060764,0.1463292959471873,0.1112582220989445,0.05285800931085326
50.82420196533203,0.14999999977184433,0.14126016699988594,0.10806599603203898,0.05249637630700362
